,is_cold,cpu_info,inst_id,inst_priv_ip,new_id,exist_id,uptime,vm_id,vm_priv_ip,vm_pub_ip,start_time,end_time,elapsed_time,aws_duration,aws_billed_duration,aws_max_mem,io_speed,client_start_time,client_end_time,client_elapsed_time
0,False,"2,Intel(R) Xeon(R) Processor @ 2.50GHz",sandbox-edb338,169.254.76.1,63f3f5eb-8294-435f-9db1-a2e1f4d6a7b4,d8aabff7-4190-4076-aacf-ec7d2105ecb0,"2167.00,4331.62",sandbox-root-SgEJMi,169.254.210.173,169.254.210.173,1590530039578.8513,1590530041416.15,1837.298583984375,1837.96,1900.0,54.0, 11.0 MB/s,1590530039.5035365,1590530041.4561994,1.9526629447937012
1,False,"2,Intel(R) Xeon(R) Processor @ 2.50GHz",sandbox-edb338,169.254.76.1,0fa18714-8fdd-4e16-9cfe-d0b0ce54020e,d8aabff7-4190-4076-aacf-ec7d2105ecb0,"2601.75,5200.33",sandbox-root-SgEJMi,169.254.210.173,169.254.210.173,1590530474331.3386,1590530476181.7595,1850.4208984375,1851.24,1900.0,54.0, 10.5 MB/s,1590530474.2540188,1590530476.2224946,1.9684758186340332
2,False,"2,Intel(R) Xeon(R) Processor @ 2.50GHz",sandbox-edb338,169.254.76.1,edaf690d-f876-4b51-884b-5acad589573e,d8aabff7-4190-4076-aacf-ec7d2105ecb0,"2733.60,5463.76",sandbox-root-SgEJMi,169.254.210.173,169.254.210.173,1590530606190.6484,1590530608063.2107,1872.562255859375,1873.31,1900.0,54.0, 10.5 MB/s,1590530606.1159585,1590530608.1040816,1.9881231784820557
3,False,"2,Intel(R) Xeon(R) Processor @ 2.50GHz",sandbox-edb338,169.254.76.1,03fbe8f8-0fe3-4660-aca7-d4dfeb3ce85f,d8aabff7-4190-4076-aacf-ec7d2105ecb0,"3040.07,6076.15",sandbox-root-SgEJMi,169.254.210.173,169.254.210.173,1590530912659.9507,1590530914507.4338,1847.483154296875,1848.2,1900.0,54.0, 10.5 MB/s,1590530912.5964866,1590530914.5478528,1.9513661861419678
4,True,"2,Intel(R) Xeon(R) Processor @ 2.50GHz",sandbox-1cde26,169.254.76.1,5914e069-9a44-46b1-9e51-14f48a3ad015,5914e069-9a44-46b1-9e51-14f48a3ad015,"1364.94,2728.74",sandbox-root-vfXn70,169.254.225.229,169.254.225.229,1590531860197.435,1590531862193.206,1995.77099609375,1996.43,2000.0,53.0, 9.4 MB/s,1590531859.8636312,1590531862.2301147,2.366483449935913
5,False,"2,Intel(R) Xeon(R) Processor @ 2.50GHz",sandbox-1cde26,169.254.76.1,fc954783-8d64-4738-91da-cb6c59b745f4,5914e069-9a44-46b1-9e51-14f48a3ad015,"1629.19,3256.70",sandbox-root-vfXn70,169.254.225.229,169.254.225.229,1590532124444.806,1590532126256.3735,1811.567626953125,1812.46,1900.0,54.0, 10.9 MB/s,1590532124.37592,1590532126.2921317,1.9162116050720215
6,True,"2,Intel(R) Xeon(R) Processor @ 2.50GHz",sandbox-d6cb2a,169.254.76.1,556ca461-bd0d-478f-a198-58be4ab7073b,556ca461-bd0d-478f-a198-58be4ab7073b,"1550.57,3099.93",sandbox-root-maQ3wq,169.254.178.117,169.254.178.117,1590532774365.309,1590532776332.9575,1967.6484375,1968.46,2000.0,53.0, 9.1 MB/s,1590532774.0115385,1590532776.3701174,2.35857892036438
7,False,"2,Intel(R) Xeon(R) Processor @ 2.50GHz",sandbox-d6cb2a,169.254.76.1,bc06ecce-ea4f-4174-a5e6-6b29fbe2b805,556ca461-bd0d-478f-a198-58be4ab7073b,"2047.13,4092.11",sandbox-root-maQ3wq,169.254.178.117,169.254.178.117,1590533270933.4778,1590533272777.6738,1844.196044921875,1844.98,1900.0,54.0, 11.8 MB/s,1590533270.8544912,1590533272.812495,1.9580037593841553
8,True,"2,Intel(R) Xeon(R) Processor @ 2.50GHz",sandbox-92df07,169.254.76.1,b168fbc2-c50e-432b-be62-b3850c3a91e2,b168fbc2-c50e-432b-be62-b3850c3a91e2,"261.98,523.07",sandbox-root-MJZrXX,169.254.26.45,169.254.26.45,1590534524278.3828,1590534526237.8745,1959.49169921875,1960.11,2000.0,53.0, 9.4 MB/s,1590534523.6516418,1590534526.273407,2.62176513671875
9,True,"2,Intel(R) Xeon(R) Processor @ 2.50GHz",sandbox-652b40,169.254.76.1,81ec1808-bf72-4ef9-a2b4-02729cd74fa2,81ec1808-bf72-4ef9-a2b4-02729cd74fa2,"1787.55,3573.92",sandbox-root-NNQDjm,169.254.208.117,169.254.208.117,1590535188270.8804,1590535190293.7039,2022.823486328125,2023.53,2100.0,53.0, 8.7 MB/s,1590535187.9409463,1590535190.3297527,2.3888063430786133
10,False,"2,Intel(R) Xeon(R) Processor @ 2.50GHz",sandbox-652b40,169.254.76.1,d0b13762-31be-46a8-8964-a9253a2f7205,81ec1808-bf72-4ef9-a2b4-02729cd74fa2,"2286.63,4571.00",sandbox-root-NNQDjm,169.254.208.117,169.254.208.117,1590535687349.875,1590535689192.4993,1842.624267578125,1843.43,1900.0,54.0, 10.5 MB/s,1590535687.2631397,1590535689.2278776,1.964737892150879
11,False,"2,Intel(R) Xeon(R) Processor @ 2.50GHz",sandbox-652b40,169.254.76.1,8ac54fef-4eb1-4833-af27-595c406c18db,81ec1808-bf72-4ef9-a2b4-02729cd74fa2,"2337.76,4673.04",sandbox-root-NNQDjm,169.254.208.117,169.254.208.117,1590535738471.9158,1590535740334.0435,1862.127685546875,1862.84,1900.0,54.0, 11.4 MB/s,1590535738.4189715,1590535740.374964,1.9559924602508545
12,False,"2,Intel(R) Xeon(R) Processor @ 2.50GHz",sandbox-652b40,169.254.76.1,c63c8dc1-63b8-446e-ab3f-8e68e650b28f,81ec1808-bf72-4ef9-a2b4-02729cd74fa2,"2632.85,5262.65",sandbox-root-NNQDjm,169.254.208.117,169.254.208.117,1590536033566.235,1590536035413.5173,1847.2822265625,1847.92,1900.0,54.0, 11.0 MB/s,1590536033.4968057,1590536035.525271,2.0284652709960938
13,True,"2,Intel(R) Xeon(R) Processor @ 2.50GHz",sandbox-ee7999,169.254.76.1,7a466fc2-fc3d-4e81-b8a6-f552ef589510,7a466fc2-fc3d-4e81-b8a6-f552ef589510,"1115.67,2230.18",sandbox-root-7eZ7zY,169.254.17.69,169.254.17.69,1590536820879.7756,1590536822827.231,1947.455322265625,1948.13,2000.0,53.0, 9.3 MB/s,1590536820.5277681,1590536822.8637443,2.3359761238098145
14,True,"2,Intel(R) Xeon(R) Processor @ 2.50GHz",sandbox-8168c3,169.254.76.1,aa1d25fb-f67c-4eef-9f79-95e6ec2fc37d,aa1d25fb-f67c-4eef-9f79-95e6ec2fc37d,"870.68,1740.27",sandbox-root-KK5MOs,169.254.102.53,169.254.102.53,1590537496332.226,1590537498305.875,1973.64892578125,1974.36,2000.0,53.0, 9.3 MB/s,1590537495.964949,1590537498.3426895,2.3777406215667725
15,False,"2,Intel(R) Xeon(R) Processor @ 2.50GHz",sandbox-8168c3,169.254.76.1,2a8582b7-7b31-46e8-a5ca-a3d1c9179f0c,aa1d25fb-f67c-4eef-9f79-95e6ec2fc37d,"1417.46,2832.75",sandbox-root-KK5MOs,169.254.102.53,169.254.102.53,1590538043112.1208,1590538044971.7197,1859.598876953125,1860.37,1900.0,54.0, 11.0 MB/s,1590538043.0181756,1590538045.007767,1.989591360092163
16,False,"2,Intel(R) Xeon(R) Processor @ 2.50GHz",sandbox-8168c3,169.254.76.1,4044c9c4-0aec-42a5-9990-004619d03a5f,aa1d25fb-f67c-4eef-9f79-95e6ec2fc37d,"1513.94,3025.50",sandbox-root-KK5MOs,169.254.102.53,169.254.102.53,1590538139592.46,1590538141452.54,1860.080078125,1860.83,1900.0,54.0, 10.5 MB/s,1590538139.5250602,1590538141.4891198,1.964059591293335
17,True,"2,Intel(R) Xeon(R) Processor @ 3.00GHz",sandbox-7b543b,169.254.76.1,42aa8160-4799-422a-aaff-d84ed8009a35,42aa8160-4799-422a-aaff-d84ed8009a35,"2302.97,4605.06",sandbox-root-cTvQhY,169.254.106.133,169.254.106.133,1590539341406.8904,1590539343290.8284,1883.93798828125,1884.66,1900.0,53.0, 10.1 MB/s,1590539340.7721777,1590539343.328535,2.5563573837280273
18,False,"2,Intel(R) Xeon(R) Processor @ 3.00GHz",sandbox-7b543b,169.254.76.1,05085497-0048-4d92-ad95-d297718d3da4,42aa8160-4799-422a-aaff-d84ed8009a35,"2644.79,5288.20",sandbox-root-cTvQhY,169.254.106.133,169.254.106.133,1590539683226.1257,1590539685015.793,1789.667236328125,1790.3,1800.0,54.0, 10.9 MB/s,1590539683.1552973,1590539685.0516884,1.8963911533355713
19,False,"2,Intel(R) Xeon(R) Processor @ 3.00GHz",sandbox-7b543b,169.254.76.1,c1c73c25-dd5c-474e-9e44-e7014c7f3f0a,42aa8160-4799-422a-aaff-d84ed8009a35,"2796.05,5590.46",sandbox-root-cTvQhY,169.254.106.133,169.254.106.133,1590539834485.6575,1590539836277.7385,1792.0810546875,1792.71,1800.0,54.0, 10.9 MB/s,1590539834.4300578,1590539836.315134,1.8850762844085693
20,False,"2,Intel(R) Xeon(R) Processor @ 3.00GHz",sandbox-7b543b,169.254.76.1,33ed9ef3-4644-4451-825e-3092f7001c84,42aa8160-4799-422a-aaff-d84ed8009a35,"3272.31,6542.42",sandbox-root-cTvQhY,169.254.106.133,169.254.106.133,1590540310755.8938,1590540312543.559,1787.665283203125,1788.21,1800.0,54.0, 11.3 MB/s,1590540310.68087,1590540312.581298,1.900428056716919
21,False,"2,Intel(R) Xeon(R) Processor @ 3.00GHz",sandbox-7b543b,169.254.76.1,50fa3fe9-466d-4aef-8aa7-7cbac5b7b2fd,42aa8160-4799-422a-aaff-d84ed8009a35,"3835.06,7667.26",sandbox-root-cTvQhY,169.254.106.133,169.254.106.133,1590540873508.6558,1590540875311.416,1802.76025390625,1803.32,1900.0,54.0, 10.9 MB/s,1590540873.437386,1590540875.3486876,1.911301612854004
22,False,"2,Intel(R) Xeon(R) Processor @ 3.00GHz",sandbox-7b543b,169.254.76.1,92e6d8ab-be89-46ba-b3b9-3b1109a8bb33,42aa8160-4799-422a-aaff-d84ed8009a35,"4171.65,8339.88",sandbox-root-cTvQhY,169.254.106.133,169.254.106.133,1590541210103.666,1590541211916.1921,1812.526123046875,1813.07,1900.0,54.0, 10.8 MB/s,1590541210.03144,1590541211.9530919,1.921651840209961
23,True,"2,Intel(R) Xeon(R) Processor @ 2.50GHz",sandbox-02bcda,169.254.76.1,575f20cc-4030-40ab-9f49-a1bf61a136f3,575f20cc-4030-40ab-9f49-a1bf61a136f3,"1458.73,2916.27",sandbox-root-snaWSm,169.254.138.53,169.254.138.53,1590542049260.8843,1590542051284.1729,2023.28857421875,2024.13,2100.0,53.0, 9.1 MB/s,1590542048.9009016,1590542051.3209858,2.420084238052368
24,False,"2,Intel(R) Xeon(R) Processor @ 2.50GHz",sandbox-02bcda,169.254.76.1,5ab7ee88-a358-4691-949e-63d4f464b171,575f20cc-4030-40ab-9f49-a1bf61a136f3,"1486.50,2971.56",sandbox-root-snaWSm,169.254.138.53,169.254.138.53,1590542077030.4434,1590542078865.0,1834.556640625,1835.22,1900.0,54.0, 10.6 MB/s,1590542076.9762812,1590542078.901085,1.9248037338256836
25,False,"2,Intel(R) Xeon(R) Processor @ 2.50GHz",sandbox-02bcda,169.254.76.1,28e7a6df-718f-4729-8e11-954f90fb4c07,575f20cc-4030-40ab-9f49-a1bf61a136f3,"1649.91,3297.89",sandbox-root-snaWSm,169.254.138.53,169.254.138.53,1590542240434.0137,1590542242264.5532,1830.53955078125,1831.4,1900.0,54.0, 10.8 MB/s,1590542240.3737056,1590542242.3014402,1.927734613418579
26,False,"2,Intel(R) Xeon(R) Processor @ 2.50GHz",sandbox-02bcda,169.254.76.1,f7b8a42e-fa11-44e0-bc3f-7ffa4a0ff002,575f20cc-4030-40ab-9f49-a1bf61a136f3,"1907.02,3811.60",sandbox-root-snaWSm,169.254.138.53,169.254.138.53,1590542497543.9082,1590542499405.0488,1861.140625,1861.9,1900.0,54.0, 10.5 MB/s,1590542497.4722474,1590542499.4416878,1.9694404602050781
27,True,"2,Intel(R) Xeon(R) Processor @ 2.50GHz",sandbox-26f75e,169.254.76.1,632b158f-9b6a-4c98-ada3-e2b3e8d03467,632b158f-9b6a-4c98-ada3-e2b3e8d03467,"1124.49,2247.96",sandbox-root-HWSKzi,169.254.111.213,169.254.111.213,1590543319075.017,1590543321057.268,1982.2509765625,1982.92,2000.0,53.0, 9.3 MB/s,1590543318.6541018,1590543321.0963123,2.4422104358673096
28,True,"2,Intel(R) Xeon(R) Processor @ 2.50GHz",sandbox-174e64,169.254.76.1,14c1f6a4-64ad-4157-8872-766ea72c2179,14c1f6a4-64ad-4157-8872-766ea72c2179,"2103.22,4205.04",sandbox-root-TyFkax,169.254.29.197,169.254.29.197,1590544153026.9146,1590544155062.3357,2035.421142578125,2036.16,2100.0,53.0, 9.0 MB/s,1590544152.6743178,1590544155.0992498,2.4249320030212402
29,False,"2,Intel(R) Xeon(R) Processor @ 2.50GHz",sandbox-174e64,169.254.76.1,59e7fa07-87d8-4ba8-a37a-682eccfa5e5f,14c1f6a4-64ad-4157-8872-766ea72c2179,"2178.94,4356.18",sandbox-root-TyFkax,169.254.29.197,169.254.29.197,1590544228741.1638,1590544230602.9526,1861.788818359375,1862.46,1900.0,53.0, 10.9 MB/s,1590544228.6788263,1590544230.6395974,1.960771083831787
30,False,"2,Intel(R) Xeon(R) Processor @ 2.50GHz",sandbox-174e64,169.254.76.1,97042fef-6d8a-4b5c-a462-41f29ab92187,14c1f6a4-64ad-4157-8872-766ea72c2179,"2525.29,5048.23",sandbox-root-TyFkax,169.254.29.197,169.254.29.197,1590544575091.767,1590544576943.8762,1852.109130859375,1852.76,1900.0,54.0, 10.9 MB/s,1590544575.0183403,1590544576.9801474,1.9618070125579834
31,False,"2,Intel(R) Xeon(R) Processor @ 2.50GHz",sandbox-174e64,169.254.76.1,1570d3ae-7240-462e-89ea-f7e49d657f1e,14c1f6a4-64ad-4157-8872-766ea72c2179,"3039.74,6076.11",sandbox-root-TyFkax,169.254.29.197,169.254.29.197,1590545089546.8325,1590545091424.2878,1877.455322265625,1878.25,1900.0,54.0, 10.5 MB/s,1590545089.4521158,1590545091.460637,2.008521318435669
32,False,"2,Intel(R) Xeon(R) Processor @ 2.50GHz",sandbox-174e64,169.254.76.1,8626b6da-8311-4697-8bbd-10978e95b14d,14c1f6a4-64ad-4157-8872-766ea72c2179,"3244.83,6485.78",sandbox-root-TyFkax,169.254.29.197,169.254.29.197,1590545294638.6814,1590545296484.6492,1845.9677734375,1846.66,1900.0,54.0, 11.0 MB/s,1590545294.4930184,1590545296.5211775,2.0281591415405273
33,True,"2,Intel(R) Xeon(R) Processor @ 2.50GHz",sandbox-bd4ebc,169.254.76.1,f1885097-6e63-4566-ba69-a59aa05f37b5,f1885097-6e63-4566-ba69-a59aa05f37b5,"1075.42,2149.73",sandbox-root-0vVexY,169.254.94.29,169.254.94.29,1590545943654.483,1590545945631.5703,1977.08740234375,1977.84,2000.0,53.0, 9.3 MB/s,1590545943.322075,1590545945.6710737,2.348998785018921
34,True,"2,Intel(R) Xeon(R) Processor @ 2.50GHz",sandbox-73d444,169.254.76.1,8519b4c0-3a62-4981-bb38-468110d223d2,8519b4c0-3a62-4981-bb38-468110d223d2,"1788.67,3576.21",sandbox-root-ukxPzp,169.254.238.85,169.254.238.85,1590546597451.2637,1590546599376.8682,1925.6044921875,1926.32,2000.0,53.0, 9.7 MB/s,1590546597.138806,1590546599.4140506,2.2752444744110107
35,False,"2,Intel(R) Xeon(R) Processor @ 2.50GHz",sandbox-73d444,169.254.76.1,a7ea4a4c-a44c-462c-b0b3-3957e1aa5d5f,8519b4c0-3a62-4981-bb38-468110d223d2,"1825.96,3650.58",sandbox-root-ukxPzp,169.254.238.85,169.254.238.85,1590546634736.6882,1590546636576.4229,1839.734619140625,1840.35,1900.0,53.0, 11.4 MB/s,1590546634.6836298,1590546636.6132019,1.9295721054077148
36,True,"2,Intel(R) Xeon(R) Processor @ 2.50GHz",sandbox-4fe9a4,169.254.76.1,d98ccac5-0851-4af3-943e-630446784fc4,d98ccac5-0851-4af3-943e-630446784fc4,"422.97,845.10",sandbox-root-vbV50O,169.254.16.85,169.254.16.85,1590547327148.881,1590547329079.87,1930.989013671875,1931.58,2000.0,53.0, 9.4 MB/s,1590547326.82964,1590547329.1172895,2.287649631500244
37,True,"2,Intel(R) Xeon(R) Processor @ 2.50GHz",sandbox-63c868,169.254.76.1,fd9c7716-f4d9-48a0-b461-c924cb38c06e,fd9c7716-f4d9-48a0-b461-c924cb38c06e,"1596.14,3191.07",sandbox-root-L0xTHv,169.254.207.205,169.254.207.205,1590550132893.4143,1590550134854.3794,1960.965087890625,1961.65,2000.0,53.0, 9.4 MB/s,1590550132.2252429,1590550134.892151,2.6669082641601562
38,False,"2,Intel(R) Xeon(R) Processor @ 2.50GHz",sandbox-63c868,169.254.76.1,742f69ea-5261-43c8-93b0-5dc6596ed35a,fd9c7716-f4d9-48a0-b461-c924cb38c06e,"1968.52,3935.11",sandbox-root-L0xTHv,169.254.207.205,169.254.207.205,1590550505284.4666,1590550507119.6594,1835.19287109375,1835.95,1900.0,54.0, 11.1 MB/s,1590550505.2072167,1590550507.1581335,1.9509167671203613
39,False,"2,Intel(R) Xeon(R) Processor @ 2.50GHz",sandbox-63c868,169.254.76.1,5995db78-b67a-4906-924d-b8c6624d3a00,fd9c7716-f4d9-48a0-b461-c924cb38c06e,"2419.56,4836.44",sandbox-root-L0xTHv,169.254.207.205,169.254.207.205,1590550956331.9011,1590550958168.1248,1836.2236328125,1836.93,1900.0,54.0, 10.9 MB/s,1590550956.2586598,1590550958.2050393,1.9463794231414795
40,True,"2,Intel(R) Xeon(R) Processor @ 2.50GHz",sandbox-17b3e5,169.254.76.1,e5c68f88-2c3d-4df4-b00e-5b45038da055,e5c68f88-2c3d-4df4-b00e-5b45038da055,"1419.01,2836.83",sandbox-root-v2bMzm,169.254.134.133,169.254.134.133,1590552018643.8486,1590552020611.783,1967.934326171875,1968.64,2000.0,53.0, 9.4 MB/s,1590552018.0189211,1590552020.6491601,2.6302390098571777
41,True,"2,Intel(R) Xeon(R) Processor @ 2.50GHz",sandbox-8f4a7f,169.254.76.1,5178774e-4343-4859-afd6-0d0d3e7fadb9,5178774e-4343-4859-afd6-0d0d3e7fadb9,"277.16,553.52",sandbox-root-xDOQrk,169.254.22.13,169.254.22.13,1590552683827.5,1590552685802.6316,1975.131591796875,1975.82,2000.0,53.0, 9.7 MB/s,1590552683.4996045,1590552685.838634,2.339029550552368
42,True,"2,Intel(R) Xeon(R) Processor @ 2.50GHz",sandbox-098921,169.254.76.1,5ee7871f-2f0e-45dc-8739-6a63b1c39016,5ee7871f-2f0e-45dc-8739-6a63b1c39016,"1732.27,3463.35",sandbox-root-WqAV0y,169.254.13.205,169.254.13.205,1590554409196.2412,1590554411200.2104,2003.96923828125,2004.68,2100.0,53.0, 9.3 MB/s,1590554408.5503056,1590554411.238484,2.688178300857544
43,False,"2,Intel(R) Xeon(R) Processor @ 2.50GHz",sandbox-098921,169.254.76.1,c9c2f865-fba5-4c1d-8ced-4db6999f791c,5ee7871f-2f0e-45dc-8739-6a63b1c39016,"1976.10,3950.51",sandbox-root-WqAV0y,169.254.13.205,169.254.13.205,1590554653030.9521,1590554654863.2026,1832.25048828125,1832.9,1900.0,54.0, 10.5 MB/s,1590554652.9678574,1590554654.9006991,1.9328417778015137
44,False,"2,Intel(R) Xeon(R) Processor @ 2.50GHz",sandbox-098921,169.254.76.1,66280c42-a861-446e-821f-eac4d2cacd7f,5ee7871f-2f0e-45dc-8739-6a63b1c39016,"2167.62,4333.14",sandbox-root-WqAV0y,169.254.13.205,169.254.13.205,1590554844546.8245,1590554846406.6277,1859.80322265625,1860.54,1900.0,54.0, 10.5 MB/s,1590554844.4782999,1590554846.443109,1.9648091793060303
45,False,"2,Intel(R) Xeon(R) Processor @ 2.50GHz",sandbox-098921,169.254.76.1,7e45f306-d9a8-4b9d-a90f-8bb60e07be57,5ee7871f-2f0e-45dc-8739-6a63b1c39016,"2789.94,5576.75",sandbox-root-WqAV0y,169.254.13.205,169.254.13.205,1590555466873.1345,1590555468733.9854,1860.850830078125,1861.81,1900.0,54.0, 10.5 MB/s,1590555466.7877567,1590555468.7711966,1.9834399223327637
46,False,"2,Intel(R) Xeon(R) Processor @ 2.50GHz",sandbox-098921,169.254.76.1,118e10f8-250e-49bd-b43c-daea4c0bdfec,5ee7871f-2f0e-45dc-8739-6a63b1c39016,"2792.02,5580.81",sandbox-root-WqAV0y,169.254.13.205,169.254.13.205,1590555468960.6802,1590555470814.2993,1853.619140625,1854.27,1900.0,54.0, 10.9 MB/s,1590555468.6067615,1590555470.8507648,2.2440032958984375
47,False,"2,Intel(R) Xeon(R) Processor @ 2.50GHz",sandbox-098921,169.254.76.1,bbd701b1-e5e4-4aff-89b5-30994b42b710,5ee7871f-2f0e-45dc-8739-6a63b1c39016,"2841.81,5680.17",sandbox-root-WqAV0y,169.254.13.205,169.254.13.205,1590555518743.534,1590555520575.169,1831.635009765625,1832.27,1900.0,54.0, 10.8 MB/s,1590555518.689165,1590555520.6118858,1.9227206707000732
48,False,"2,Intel(R) Xeon(R) Processor @ 2.50GHz",sandbox-098921,169.254.76.1,c26cb39b-8f5a-451d-842c-5f340564ff51,5ee7871f-2f0e-45dc-8739-6a63b1c39016,"2987.65,5971.54",sandbox-root-WqAV0y,169.254.13.205,169.254.13.205,1590555664584.992,1590555666436.7212,1851.729248046875,1852.52,1900.0,54.0, 10.8 MB/s,1590555664.5187821,1590555666.4755878,1.95680570602417
49,False,"2,Intel(R) Xeon(R) Processor @ 2.50GHz",sandbox-098921,169.254.76.1,8aa6dc61-cc63-46e5-a9fc-1803a3b7bec3,5ee7871f-2f0e-45dc-8739-6a63b1c39016,"3089.08,6174.11",sandbox-root-WqAV0y,169.254.13.205,169.254.13.205,1590555766025.169,1590555767877.904,1852.735107421875,1853.43,1900.0,54.0, 11.0 MB/s,1590555765.9653184,1590555767.9145606,1.949242115020752
50,False,"2,Intel(R) Xeon(R) Processor @ 2.50GHz",sandbox-098921,169.254.76.1,900620ec-c0ea-4abe-8eb8-940d4a2a1778,5ee7871f-2f0e-45dc-8739-6a63b1c39016,"3583.92,7163.00",sandbox-root-WqAV0y,169.254.13.205,169.254.13.205,1590556260872.1414,1590556262744.2769,1872.135498046875,1872.78,1900.0,54.0, 10.5 MB/s,1590556260.8025537,1590556262.78066,1.9781062602996826
51,False,"2,Intel(R) Xeon(R) Processor @ 2.50GHz",sandbox-098921,169.254.76.1,45bc34b8-d47d-4e80-8e27-d592d71f3a74,5ee7871f-2f0e-45dc-8739-6a63b1c39016,"3819.61,7633.90",sandbox-root-WqAV0y,169.254.13.205,169.254.13.205,1590556496564.7236,1590556498407.259,1842.535400390625,1843.19,1900.0,54.0, 11.0 MB/s,1590556496.4996045,1590556498.4539897,1.9543852806091309
52,True,"2,Intel(R) Xeon(R) Processor @ 2.50GHz",sandbox-2776b6,169.254.76.1,559ff061-7f38-4149-963c-14e29b2e0b40,559ff061-7f38-4149-963c-14e29b2e0b40,"1661.64,3322.08",sandbox-root-dzZpXF,169.254.109.101,169.254.109.101,1590557286650.3733,1590557288668.3386,2017.96533203125,2018.61,2100.0,53.0, 9.0 MB/s,1590557286.303953,1590557288.7049358,2.4009828567504883
53,False,"2,Intel(R) Xeon(R) Processor @ 2.50GHz",sandbox-2776b6,169.254.76.1,ff40cafc-4d79-4d1d-9799-5924175490e0,559ff061-7f38-4149-963c-14e29b2e0b40,"2108.86,4215.68",sandbox-root-dzZpXF,169.254.109.101,169.254.109.101,1590557733877.0608,1590557735712.0562,1834.995361328125,1835.67,1900.0,54.0, 10.9 MB/s,1590557733.7931535,1590557735.7480173,1.9548637866973877
54,True,"2,Intel(R) Xeon(R) Processor @ 2.50GHz",sandbox-568f19,169.254.76.1,6207756b-fd9c-4673-9a96-25edd158b762,6207756b-fd9c-4673-9a96-25edd158b762,"1158.43,2315.70",sandbox-root-JPob4y,169.254.98.189,169.254.98.189,1590559182328.0662,1590559184274.7888,1946.72265625,1947.46,2000.0,53.0, 9.3 MB/s,1590559181.721348,1590559184.3109584,2.5896103382110596
55,True,"2,Intel(R) Xeon(R) Processor @ 2.50GHz",sandbox-706d16,169.254.76.1,30ac82af-5815-4df2-8df3-284cd1edc2a1,30ac82af-5815-4df2-8df3-284cd1edc2a1,"1073.60,2146.29",sandbox-root-Nsyebq,169.254.89.125,169.254.89.125,1590560163335.5864,1590560165312.212,1976.62548828125,1977.18,2000.0,53.0, 9.4 MB/s,1590560163.01848,1590560165.348192,2.3297119140625
56,False,"2,Intel(R) Xeon(R) Processor @ 2.50GHz",sandbox-706d16,169.254.76.1,76f59d4b-7cbc-4c19-99de-cf193e102437,30ac82af-5815-4df2-8df3-284cd1edc2a1,"1404.37,2807.23",sandbox-root-Nsyebq,169.254.89.125,169.254.89.125,1590560494114.0166,1590560495937.7266,1823.7099609375,1824.38,1900.0,54.0, 11.0 MB/s,1590560494.0406942,1590560495.973487,1.9327926635742188
57,True,"2,Intel(R) Xeon(R) Processor @ 2.50GHz",sandbox-18c3ba,169.254.76.1,61f70255-6f36-4d16-a026-3d708ae432df,61f70255-6f36-4d16-a026-3d708ae432df,"1734.91,3468.60",sandbox-root-oVkzE3,169.254.103.253,169.254.103.253,1590561418257.157,1590561420225.1738,1968.016845703125,1968.66,2000.0,53.0, 9.7 MB/s,1590561417.930528,1590561420.261369,2.330841064453125
58,False,"2,Intel(R) Xeon(R) Processor @ 2.50GHz",sandbox-18c3ba,169.254.76.1,4ea75dd2-cb7b-4d26-b190-2d0468f43112,61f70255-6f36-4d16-a026-3d708ae432df,"1802.69,3603.89",sandbox-root-oVkzE3,169.254.103.253,169.254.103.253,1590561486038.2231,1590561487866.3833,1828.16015625,1828.8,1900.0,53.0, 10.9 MB/s,1590561485.9655275,1590561487.90186,1.9363324642181396
59,False,"2,Intel(R) Xeon(R) Processor @ 2.50GHz",sandbox-18c3ba,169.254.76.1,5151ff1b-bdb0-4450-a7a3-a6c8780d3794,61f70255-6f36-4d16-a026-3d708ae432df,"1870.01,3738.32",sandbox-root-oVkzE3,169.254.103.253,169.254.103.253,1590561553357.2266,1590561555186.767,1829.54052734375,1830.15,1900.0,54.0, 10.8 MB/s,1590561553.299301,1590561555.2220778,1.9227769374847412
60,True,"2,Intel(R) Xeon(R) Processor @ 2.50GHz",sandbox-a588a0,169.254.76.1,5244cb0c-c64f-4700-ad84-1b678c267bad,5244cb0c-c64f-4700-ad84-1b678c267bad,"459.86,918.82",sandbox-root-VLZoRZ,169.254.24.197,169.254.24.197,1590564463205.5864,1590564465185.809,1980.22265625,1981.01,2000.0,53.0, 9.4 MB/s,1590564462.6245525,1590564465.2341502,2.609597682952881
61,False,"2,Intel(R) Xeon(R) Processor @ 2.50GHz",sandbox-a588a0,169.254.76.1,0509108a-f043-4e59-af98-c294fa0876cc,5244cb0c-c64f-4700-ad84-1b678c267bad,"985.27,1968.78",sandbox-root-VLZoRZ,169.254.24.197,169.254.24.197,1590564988620.8167,1590564990452.44,1831.623291015625,1832.4,1900.0,54.0, 11.0 MB/s,1590564988.547946,1590564990.488465,1.940519094467163
62,True,"2,Intel(R) Xeon(R) Processor @ 3.00GHz",sandbox-03ce77,169.254.76.1,45d4d4a5-da7a-45d2-84ed-ece3e306c693,45d4d4a5-da7a-45d2-84ed-ece3e306c693,"2971.49,5941.94",sandbox-root-H3v5Dr,169.254.39.117,169.254.39.117,1590565656239.6177,1590565658126.213,1886.59521484375,1887.1,1900.0,53.0, 9.7 MB/s,1590565655.6808677,1590565658.161516,2.4806482791900635
63,True,"2,Intel(R) Xeon(R) Processor @ 2.50GHz",sandbox-69547f,169.254.76.1,277211b1-1f5a-4d6f-8106-5b6a0ee9d05a,277211b1-1f5a-4d6f-8106-5b6a0ee9d05a,"2036.69,4072.22",sandbox-root-RE9Lsm,169.254.33.21,169.254.33.21,1590566314430.471,1590566316394.0115,1963.54052734375,1964.29,2000.0,53.0, 9.4 MB/s,1590566313.7151585,1590566316.4879947,2.772836208343506
64,True,"2,Intel(R) Xeon(R) Processor @ 2.50GHz",sandbox-893a94,169.254.76.1,57575f8e-d8ec-4c82-a9b3-f20871b6ee3f,57575f8e-d8ec-4c82-a9b3-f20871b6ee3f,"718.10,1435.22",sandbox-root-S3PHvl,169.254.85.101,169.254.85.101,1590567244875.7874,1590567246870.5322,1994.744873046875,1995.42,2000.0,53.0, 9.4 MB/s,1590567244.5498374,1590567246.9072716,2.3574342727661133
65,False,"2,Intel(R) Xeon(R) Processor @ 2.50GHz",sandbox-893a94,169.254.76.1,f15c916e-5a8c-46e3-9c66-c865c8a29595,57575f8e-d8ec-4c82-a9b3-f20871b6ee3f,"1352.75,2703.37",sandbox-root-S3PHvl,169.254.85.101,169.254.85.101,1590567879529.2505,1590567881379.2512,1850.000732421875,1850.77,1900.0,54.0, 10.9 MB/s,1590567879.451895,1590567881.4157145,1.9638195037841797
66,False,"2,Intel(R) Xeon(R) Processor @ 2.50GHz",sandbox-893a94,169.254.76.1,b0cd6c08-c8e1-4572-8bb4-11c2d7478fef,57575f8e-d8ec-4c82-a9b3-f20871b6ee3f,"1482.39,2962.38",sandbox-root-S3PHvl,169.254.85.101,169.254.85.101,1590568009176.1472,1590568011020.2026,1844.055419921875,1844.77,1900.0,54.0, 10.5 MB/s,1590568009.1132417,1590568011.0573018,1.9440600872039795
67,False,"2,Intel(R) Xeon(R) Processor @ 2.50GHz",sandbox-893a94,169.254.76.1,1942dd97-e37b-4d28-a427-a5005671175c,57575f8e-d8ec-4c82-a9b3-f20871b6ee3f,"2003.41,4003.45",sandbox-root-S3PHvl,169.254.85.101,169.254.85.101,1590568530198.51,1590568532067.179,1868.6689453125,1869.54,1900.0,54.0, 10.5 MB/s,1590568530.1237655,1590568532.103991,1.9802255630493164
68,False,"2,Intel(R) Xeon(R) Processor @ 2.50GHz",sandbox-893a94,169.254.76.1,8b9c68f5-27bc-49de-992a-1dbdaa720f7e,57575f8e-d8ec-4c82-a9b3-f20871b6ee3f,"2127.09,4250.54",sandbox-root-S3PHvl,169.254.85.101,169.254.85.101,1590568653886.034,1590568655729.1458,1843.11181640625,1843.77,1900.0,54.0, 11.0 MB/s,1590568653.8234067,1590568655.7651227,1.941715955734253
69,False,"2,Intel(R) Xeon(R) Processor @ 2.50GHz",sandbox-893a94,169.254.76.1,8e9b1380-76e8-43aa-982b-325d34768833,57575f8e-d8ec-4c82-a9b3-f20871b6ee3f,"2422.24,4840.27",sandbox-root-S3PHvl,169.254.85.101,169.254.85.101,1590568949039.873,1590568950892.7283,1852.855224609375,1853.56,1900.0,54.0, 10.5 MB/s,1590568948.9520388,1590568950.928714,1.976675271987915
70,False,"2,Intel(R) Xeon(R) Processor @ 2.50GHz",sandbox-893a94,169.254.76.1,1b55a9df-f650-4ecc-9e88-f5fe66ce02b3,57575f8e-d8ec-4c82-a9b3-f20871b6ee3f,"2694.26,5383.77",sandbox-root-S3PHvl,169.254.85.101,169.254.85.101,1590569221062.5278,1590569222914.6863,1852.158447265625,1852.79,1900.0,54.0, 10.8 MB/s,1590569220.9936094,1590569222.9514353,1.9578258991241455
71,False,"2,Intel(R) Xeon(R) Processor @ 2.50GHz",sandbox-893a94,169.254.76.1,64f5070e-11d4-424f-aed7-794916aa85b5,57575f8e-d8ec-4c82-a9b3-f20871b6ee3f,"2878.49,5751.79",sandbox-root-S3PHvl,169.254.85.101,169.254.85.101,1590569405292.0103,1590569407137.725,1845.71484375,1846.36,1900.0,54.0, 10.5 MB/s,1590569405.2212799,1590569407.174414,1.9531340599060059
72,False,"2,Intel(R) Xeon(R) Processor @ 2.50GHz",sandbox-893a94,169.254.76.1,ed3d5b24-ef73-4167-bc78-0593bf2ccfff,57575f8e-d8ec-4c82-a9b3-f20871b6ee3f,"2954.53,5903.57",sandbox-root-S3PHvl,169.254.85.101,169.254.85.101,1590569481327.542,1590569483159.3076,1831.765625,1832.4,1900.0,54.0, 10.8 MB/s,1590569481.2659106,1590569483.1950753,1.9291646480560303
73,False,"2,Intel(R) Xeon(R) Processor @ 2.50GHz",sandbox-893a94,169.254.76.1,fad59062-98aa-4b02-ba54-7c26212dcb52,57575f8e-d8ec-4c82-a9b3-f20871b6ee3f,"3128.16,6250.46",sandbox-root-S3PHvl,169.254.85.101,169.254.85.101,1590569654969.4805,1590569656840.6157,1871.13525390625,1871.78,1900.0,54.0, 11.0 MB/s,1590569654.8931549,1590569656.87685,1.9836950302124023
74,False,"2,Intel(R) Xeon(R) Processor @ 2.50GHz",sandbox-893a94,169.254.76.1,e125b7fd-6b8a-4866-bd70-bf924d5fb4ac,57575f8e-d8ec-4c82-a9b3-f20871b6ee3f,"3454.44,6902.42",sandbox-root-S3PHvl,169.254.85.101,169.254.85.101,1590569981249.17,1590569983104.7334,1855.5634765625,1856.21,1900.0,54.0, 10.5 MB/s,1590569981.169238,1590569983.1410737,1.9718356132507324
75,False,"2,Intel(R) Xeon(R) Processor @ 2.50GHz",sandbox-893a94,169.254.76.1,e35a2b1d-bfd4-4743-a537-e5dd0c4556aa,57575f8e-d8ec-4c82-a9b3-f20871b6ee3f,"3800.17,7593.16",sandbox-root-S3PHvl,169.254.85.101,169.254.85.101,1590570326980.3723,1590570328829.6953,1849.322998046875,1849.99,1900.0,54.0, 11.0 MB/s,1590570326.9122593,1590570328.865852,1.9535927772521973
76,True,"2,Intel(R) Xeon(R) Processor @ 2.50GHz",sandbox-94d624,169.254.76.1,aad7ef51-1d02-401b-9b20-0a0dbed5f9ff,aad7ef51-1d02-401b-9b20-0a0dbed5f9ff,"1564.41,3127.66",sandbox-root-Y4pd0R,169.254.195.21,169.254.195.21,1590571853579.998,1590571855564.9531,1984.955078125,1985.73,2000.0,53.0, 9.3 MB/s,1590571852.953234,1590571855.6016552,2.648421287536621
77,True,"2,Intel(R) Xeon(R) Processor @ 2.50GHz",sandbox-1a07c8,169.254.76.1,f087ce56-5547-41e9-98e2-90463479ae59,f087ce56-5547-41e9-98e2-90463479ae59,"2287.96,4574.67",sandbox-root-udaZ9T,169.254.53.205,169.254.53.205,1590572547164.7463,1590572549161.1099,1996.363525390625,1997.18,2000.0,53.0, 9.0 MB/s,1590572546.8460333,1590572549.198626,2.352592706680298
78,False,"2,Intel(R) Xeon(R) Processor @ 2.50GHz",sandbox-1a07c8,169.254.76.1,33c2ad73-8ced-4513-acc5-d88b864cf706,f087ce56-5547-41e9-98e2-90463479ae59,"2639.95,5277.98",sandbox-root-udaZ9T,169.254.53.205,169.254.53.205,1590572899156.7063,1590572900966.4827,1809.7763671875,1809.83,1900.0,54.0, 10.9 MB/s,1590572899.0869052,1590572901.0032742,1.9163689613342285
79,True,"2,Intel(R) Xeon(R) Processor @ 2.50GHz",sandbox-7adb11,169.254.76.1,bfda421d-a393-4c9a-97bb-2f1a28108325,bfda421d-a393-4c9a-97bb-2f1a28108325,"946.68,1892.38",sandbox-root-ImykSv,169.254.49.101,169.254.49.101,1590574016560.665,1590574018555.0305,1994.365478515625,1995.04,2000.0,53.0, 9.3 MB/s,1590574015.9645417,1590574018.591839,2.6272974014282227
80,False,"2,Intel(R) Xeon(R) Processor @ 2.50GHz",sandbox-7adb11,169.254.76.1,004c7007-27f8-4dd7-8e50-bbce8126f4f5,bfda421d-a393-4c9a-97bb-2f1a28108325,"1289.90,2578.23",sandbox-root-ImykSv,169.254.49.101,169.254.49.101,1590574359775.0735,1590574361616.223,1841.1494140625,1841.83,1900.0,54.0, 11.0 MB/s,1590574359.7082415,1590574361.6530066,1.9447650909423828
81,False,"2,Intel(R) Xeon(R) Processor @ 2.50GHz",sandbox-7adb11,169.254.76.1,b757e535-3bd1-4133-937f-8415a9312827,bfda421d-a393-4c9a-97bb-2f1a28108325,"1433.00,2864.08",sandbox-root-ImykSv,169.254.49.101,169.254.49.101,1590574502882.4666,1590574504716.5554,1834.0888671875,1834.77,1900.0,54.0, 11.0 MB/s,1590574502.8209302,1590574504.7528303,1.9319000244140625
82,False,"2,Intel(R) Xeon(R) Processor @ 2.50GHz",sandbox-7adb11,169.254.76.1,9d8e8dec-5bae-4b1d-8d11-9051b65e87c0,bfda421d-a393-4c9a-97bb-2f1a28108325,"1774.38,3546.28",sandbox-root-ImykSv,169.254.49.101,169.254.49.101,1590574844265.1487,1590574846097.9563,1832.8076171875,1833.51,1900.0,54.0, 10.9 MB/s,1590574844.189313,1590574846.1338906,1.944577693939209
83,False,"2,Intel(R) Xeon(R) Processor @ 2.50GHz",sandbox-7adb11,169.254.76.1,9fdc9e03-a0fb-4bad-8836-3e73235b6317,bfda421d-a393-4c9a-97bb-2f1a28108325,"1964.54,3926.23",sandbox-root-ImykSv,169.254.49.101,169.254.49.101,1590575034419.7593,1590575036258.3806,1838.621337890625,1839.45,1900.0,54.0, 10.9 MB/s,1590575034.3525755,1590575036.296197,1.9436213970184326
84,False,"2,Intel(R) Xeon(R) Processor @ 2.50GHz",sandbox-7adb11,169.254.76.1,55c12cd2-f45d-4f1e-86b3-ff89e168e26e,bfda421d-a393-4c9a-97bb-2f1a28108325,"2273.75,4544.05",sandbox-root-ImykSv,169.254.49.101,169.254.49.101,1590575343629.5847,1590575345479.3616,1849.77685546875,1850.57,1900.0,54.0, 10.9 MB/s,1590575343.5567615,1590575345.515212,1.9584505558013916
85,False,"2,Intel(R) Xeon(R) Processor @ 2.50GHz",sandbox-7adb11,169.254.76.1,16fb13bb-3a16-45da-b20a-3c7a96d27012,bfda421d-a393-4c9a-97bb-2f1a28108325,"2515.43,5026.92",sandbox-root-ImykSv,169.254.49.101,169.254.49.101,1590575585310.3691,1590575587140.2708,1829.901611328125,1830.56,1900.0,54.0, 11.0 MB/s,1590575585.243273,1590575587.1762035,1.9329304695129395
86,False,"2,Intel(R) Xeon(R) Processor @ 2.50GHz",sandbox-7adb11,169.254.76.1,ffc0adf3-8189-4e1b-b444-6bb33ff235ef,bfda421d-a393-4c9a-97bb-2f1a28108325,"3065.22,6125.45",sandbox-root-ImykSv,169.254.49.101,169.254.49.101,1590576135109.2664,1590576136962.7092,1853.44287109375,1854.27,1900.0,54.0, 11.0 MB/s,1590576135.0429327,1590576136.998935,1.9560022354125977
87,False,"2,Intel(R) Xeon(R) Processor @ 2.50GHz",sandbox-7adb11,169.254.76.1,d3610710-589a-4e62-9f63-945e65cbc123,bfda421d-a393-4c9a-97bb-2f1a28108325,"3489.19,6972.76",sandbox-root-ImykSv,169.254.49.101,169.254.49.101,1590576559080.818,1590576560903.7737,1822.95556640625,1823.63,1900.0,54.0, 11.0 MB/s,1590576559.0048878,1590576560.93984,1.9349522590637207
88,False,"2,Intel(R) Xeon(R) Processor @ 2.50GHz",sandbox-7adb11,169.254.76.1,514ee176-0ac7-4566-a8d0-516a6275ad80,bfda421d-a393-4c9a-97bb-2f1a28108325,"3546.01,7086.21",sandbox-root-ImykSv,169.254.49.101,169.254.49.101,1590576615900.2751,1590576617724.0383,1823.76318359375,1824.46,1900.0,54.0, 11.0 MB/s,1590576615.8438985,1590576617.760134,1.9162354469299316
89,False,"2,Intel(R) Xeon(R) Processor @ 2.50GHz",sandbox-7adb11,169.254.76.1,b0817633-1cca-401b-afc0-061e9729f1b1,bfda421d-a393-4c9a-97bb-2f1a28108325,"3633.48,7260.93",sandbox-root-ImykSv,169.254.49.101,169.254.49.101,1590576703365.0117,1590576705204.3918,1839.380126953125,1840.03,1900.0,54.0, 10.9 MB/s,1590576703.2992382,1590576705.2404137,1.9411754608154297
90,False,"2,Intel(R) Xeon(R) Processor @ 2.50GHz",sandbox-7adb11,169.254.76.1,e21a45e5-0192-4099-b3cd-0f68e15d51f6,bfda421d-a393-4c9a-97bb-2f1a28108325,"3805.50,7604.67",sandbox-root-ImykSv,169.254.49.101,169.254.49.101,1590576875389.1714,1590576877244.4753,1855.303955078125,1855.94,1900.0,54.0, 10.9 MB/s,1590576875.3155303,1590576877.2806027,1.9650723934173584
91,False,"2,Intel(R) Xeon(R) Processor @ 2.50GHz",sandbox-7adb11,169.254.76.1,e7eb317e-23a9-4112-bf58-001fea0bb02f,bfda421d-a393-4c9a-97bb-2f1a28108325,"3960.89,7915.06",sandbox-root-ImykSv,169.254.49.101,169.254.49.101,1590577030778.3755,1590577032605.6245,1827.2490234375,1827.92,1900.0,54.0, 11.0 MB/s,1590577030.7158763,1590577032.642407,1.9265305995941162
92,False,"2,Intel(R) Xeon(R) Processor @ 2.50GHz",sandbox-7adb11,169.254.76.1,3e45cf62-6abd-463b-aa8d-d98f995e63f4,bfda421d-a393-4c9a-97bb-2f1a28108325,"3971.27,7935.71",sandbox-root-ImykSv,169.254.49.101,169.254.49.101,1590577041157.519,1590577043005.12,1847.60107421875,1848.22,1900.0,54.0, 10.9 MB/s,1590577041.1032178,1590577043.0403802,1.9371623992919922
93,True,"2,Intel(R) Xeon(R) Processor @ 2.50GHz",sandbox-0fb9ab,169.254.76.1,5cc40d78-5a11-46a2-bfc4-1a8a4e6f070d,5cc40d78-5a11-46a2-bfc4-1a8a4e6f070d,"368.83,736.88",sandbox-root-6eBjFF,169.254.26.109,169.254.26.109,1590578077979.992,1590578079909.5486,1929.556640625,1930.14,2000.0,53.0, 9.7 MB/s,1590578076.4650772,1590578079.9466877,3.4816105365753174
94,False,"2,Intel(R) Xeon(R) Processor @ 2.50GHz",sandbox-0fb9ab,169.254.76.1,e886f22d-5e48-4236-9260-926538a79da8,5cc40d78-5a11-46a2-bfc4-1a8a4e6f070d,"385.72,770.51",sandbox-root-6eBjFF,169.254.26.109,169.254.26.109,1590578094877.4788,1590578096689.383,1811.904296875,1812.52,1900.0,53.0, 11.4 MB/s,1590578094.8274841,1590578096.726513,1.8990287780761719
95,False,"2,Intel(R) Xeon(R) Processor @ 2.50GHz",sandbox-0fb9ab,169.254.76.1,30e2bfa9-5913-4511-abef-af075eb98ff6,5cc40d78-5a11-46a2-bfc4-1a8a4e6f070d,"614.16,1226.99",sandbox-root-6eBjFF,169.254.26.109,169.254.26.109,1590578323310.3333,1590578325131.0137,1820.680419921875,1821.25,1900.0,54.0, 10.6 MB/s,1590578323.2321982,1590578325.167792,1.935593843460083
96,False,"2,Intel(R) Xeon(R) Processor @ 2.50GHz",sandbox-0fb9ab,169.254.76.1,0f44e3b9-37a0-4476-aebf-e6e5942219d3,5cc40d78-5a11-46a2-bfc4-1a8a4e6f070d,"1090.22,2178.51",sandbox-root-6eBjFF,169.254.26.109,169.254.26.109,1590578799372.7502,1590578801194.0813,1821.3310546875,1821.95,1900.0,54.0, 11.4 MB/s,1590578799.2931023,1590578801.23109,1.9379878044128418
97,True,"2,Intel(R) Xeon(R) Processor @ 2.50GHz",sandbox-fbd5f1,169.254.76.1,c3a3e62c-02af-4933-925b-ddde7f9f1fc8,c3a3e62c-02af-4933-925b-ddde7f9f1fc8,"395.24,789.55",sandbox-root-jYyLVP,169.254.27.157,169.254.27.157,1590579684346.4407,1590579686322.6514,1976.210693359375,1976.87,2000.0,53.0, 9.3 MB/s,1590579684.0319033,1590579686.359866,2.327962636947632
98,False,"2,Intel(R) Xeon(R) Processor @ 2.50GHz",sandbox-fbd5f1,169.254.76.1,01282369-64b5-4081-ac06-a4dca6805df1,c3a3e62c-02af-4933-925b-ddde7f9f1fc8,"723.24,1444.95",sandbox-root-jYyLVP,169.254.27.157,169.254.27.157,1590580012354.8098,1590580014168.3376,1813.52783203125,1814.21,1900.0,54.0, 11.0 MB/s,1590580012.28356,1590580014.2054524,1.9218924045562744
99,False,"2,Intel(R) Xeon(R) Processor @ 2.50GHz",sandbox-fbd5f1,169.254.76.1,06670a89-ce50-4975-addf-c8175d6e3ec8,c3a3e62c-02af-4933-925b-ddde7f9f1fc8,"1191.54,2380.70",sandbox-root-jYyLVP,169.254.27.157,169.254.27.157,1590580480651.5654,1590580482491.5637,1839.998291015625,1840.73,1900.0,54.0, 11.0 MB/s,1590580480.5825684,1590580482.5295458,1.9469773769378662
100,True,"2,Intel(R) Xeon(R) Processor @ 2.50GHz",sandbox-470953,169.254.76.1,48fc8548-f6ae-4e0b-a4af-feb77a812438,48fc8548-f6ae-4e0b-a4af-feb77a812438,"1031.43,2061.75",sandbox-root-Y0u0Bs,169.254.136.189,169.254.136.189,1590581269085.8254,1590581271068.315,1982.489501953125,1983.25,2000.0,53.0, 9.3 MB/s,1590581268.731163,1590581271.1054285,2.374265432357788
101,False,"2,Intel(R) Xeon(R) Processor @ 2.50GHz",sandbox-470953,169.254.76.1,d448da83-77b2-43ae-b9e4-c700be89d967,48fc8548-f6ae-4e0b-a4af-feb77a812438,"1094.69,2187.96",sandbox-root-Y0u0Bs,169.254.136.189,169.254.136.189,1590581332341.2102,1590581334208.1436,1866.933349609375,1867.59,1900.0,53.0, 10.9 MB/s,1590581332.28371,1590581334.2448173,1.9611072540283203
102,False,"2,Intel(R) Xeon(R) Processor @ 2.50GHz",sandbox-470953,169.254.76.1,170757d5-cc45-4ae2-8dd5-35fbee39594c,48fc8548-f6ae-4e0b-a4af-feb77a812438,"1570.48,3138.80",sandbox-root-Y0u0Bs,169.254.136.189,169.254.136.189,1590581808134.1616,1590581809986.9019,1852.740234375,1853.42,1900.0,54.0, 10.5 MB/s,1590581808.0629258,1590581810.0241745,1.9612486362457275
103,False,"2,Intel(R) Xeon(R) Processor @ 2.50GHz",sandbox-470953,169.254.76.1,35f610d5-a662-4f12-a296-6f130037fea7,48fc8548-f6ae-4e0b-a4af-feb77a812438,"1595.49,3188.62",sandbox-root-Y0u0Bs,169.254.136.189,169.254.136.189,1590581833137.9575,1590581834987.6958,1849.73828125,1850.37,1900.0,54.0, 11.0 MB/s,1590581833.083423,1590581835.024298,1.9408750534057617
104,False,"2,Intel(R) Xeon(R) Processor @ 2.50GHz",sandbox-470953,169.254.76.1,9f0e2b6a-82a5-47f4-adea-1148485fe6af,48fc8548-f6ae-4e0b-a4af-feb77a812438,"1648.73,3294.91",sandbox-root-Y0u0Bs,169.254.136.189,169.254.136.189,1590581886380.9197,1590581888226.7117,1845.7919921875,1846.46,1900.0,54.0, 10.9 MB/s,1590581886.315607,1590581888.2633514,1.947744369506836
105,False,"2,Intel(R) Xeon(R) Processor @ 2.50GHz",sandbox-470953,169.254.76.1,359f3c37-90b6-48d2-9f1a-3692fc91e406,48fc8548-f6ae-4e0b-a4af-feb77a812438,"1752.73,3502.67",sandbox-root-Y0u0Bs,169.254.136.189,169.254.136.189,1590581990378.8176,1590581992227.122,1848.304443359375,1848.98,1900.0,54.0, 10.9 MB/s,1590581990.3154821,1590581992.2638476,1.9483654499053955
106,False,"2,Intel(R) Xeon(R) Processor @ 2.50GHz",sandbox-470953,169.254.76.1,0539709a-f970-46de-a539-32634e009019,48fc8548-f6ae-4e0b-a4af-feb77a812438,"2143.37,4283.20",sandbox-root-Y0u0Bs,169.254.136.189,169.254.136.189,1590582381016.1443,1590582382886.7341,1870.58984375,1871.32,1900.0,54.0, 10.5 MB/s,1590582380.9424345,1590582382.9227622,1.9803276062011719
107,True,"2,Intel(R) Xeon(R) Processor @ 2.50GHz",sandbox-a51304,169.254.76.1,5ac25c97-08a6-4c6f-b83b-e0fb5fec7049,5ac25c97-08a6-4c6f-b83b-e0fb5fec7049,"1615.96,3230.71",sandbox-root-5siSCR,169.254.170.165,169.254.170.165,1590583201086.9412,1590583203100.1814,2013.240234375,2013.91,2100.0,53.0, 9.4 MB/s,1590583200.7624714,1590583203.1374803,2.3750088214874268
108,True,"2,Intel(R) Xeon(R) Processor @ 2.50GHz",sandbox-e5c290,169.254.76.1,68722236-5891-41dc-b5df-bdd6eaf6f8bb,68722236-5891-41dc-b5df-bdd6eaf6f8bb,"962.43,1923.71",sandbox-root-nEHQWl,169.254.167.189,169.254.167.189,1590583958958.7957,1590583960948.259,1989.46337890625,1990.11,2000.0,53.0, 9.3 MB/s,1590583958.6207454,1590583960.9854198,2.3646743297576904
109,False,"2,Intel(R) Xeon(R) Processor @ 2.50GHz",sandbox-e5c290,169.254.76.1,7f14a50e-4a11-48ec-b704-430216a59670,68722236-5891-41dc-b5df-bdd6eaf6f8bb,"986.28,1971.19",sandbox-root-nEHQWl,169.254.167.189,169.254.167.189,1590583982810.1204,1590583984688.2065,1878.086181640625,1878.78,1900.0,53.0, 10.5 MB/s,1590583982.7529483,1590583984.7251544,1.9722061157226562
110,True,"2,Intel(R) Xeon(R) Processor @ 2.50GHz",sandbox-5db359,169.254.76.1,a30e6da1-9864-415d-b372-42e5fc4b6335,a30e6da1-9864-415d-b372-42e5fc4b6335,"2100.31,4199.34",sandbox-root-4SPQCl,169.254.121.197,169.254.121.197,1590585033901.797,1590585035884.88,1983.082763671875,1983.28,2000.0,53.0, 9.4 MB/s,1590585033.2184591,1590585035.9217567,2.7032976150512695
111,False,"2,Intel(R) Xeon(R) Processor @ 2.50GHz",sandbox-5db359,169.254.76.1,4d23c4f7-7f5a-4ef1-a753-74763e8ccfcb,a30e6da1-9864-415d-b372-42e5fc4b6335,"2378.50,4755.10",sandbox-root-4SPQCl,169.254.121.197,169.254.121.197,1590585312094.7437,1590585313926.804,1832.060302734375,1832.78,1900.0,54.0, 10.8 MB/s,1590585312.026046,1590585313.9644234,1.9383773803710938
112,False,"2,Intel(R) Xeon(R) Processor @ 2.50GHz",sandbox-5db359,169.254.76.1,14e60a11-5317-4d44-ac92-9b7b6a15ebf8,a30e6da1-9864-415d-b372-42e5fc4b6335,"2997.30,5991.61",sandbox-root-4SPQCl,169.254.121.197,169.254.121.197,1590585930898.6772,1590585932752.05,1853.372802734375,1854.24,1900.0,54.0, 10.5 MB/s,1590585930.798294,1590585932.7892697,1.9909756183624268
113,False,"2,Intel(R) Xeon(R) Processor @ 2.50GHz",sandbox-5db359,169.254.76.1,81d2b91c-1f1f-47b5-b43d-97afd7c27ad9,a30e6da1-9864-415d-b372-42e5fc4b6335,"3251.60,6499.62",sandbox-root-4SPQCl,169.254.121.197,169.254.121.197,1590586185197.6416,1590586187014.369,1816.727294921875,1817.38,1900.0,54.0, 11.0 MB/s,1590586185.1367884,1590586187.0506124,1.9138240814208984
114,True,"2,Intel(R) Xeon(R) Processor @ 2.50GHz",sandbox-9aace1,169.254.76.1,5b0bcc8c-1daf-4cc7-a202-2a9e237d9e5b,5b0bcc8c-1daf-4cc7-a202-2a9e237d9e5b,"979.24,1957.53",sandbox-root-nJQ9il,169.254.90.197,169.254.90.197,1590586973009.6863,1590586974966.745,1957.058837890625,1957.79,2000.0,53.0, 9.7 MB/s,1590586972.6908636,1590586975.0049772,2.3141136169433594
115,False,"2,Intel(R) Xeon(R) Processor @ 2.50GHz",sandbox-9aace1,169.254.76.1,5a933f1e-18f1-484b-b69c-7ec39ca042cd,5b0bcc8c-1daf-4cc7-a202-2a9e237d9e5b,"1038.96,2076.78",sandbox-root-nJQ9il,169.254.90.197,169.254.90.197,1590587032734.4841,1590587034566.5532,1832.069091796875,1832.7,1900.0,53.0, 10.8 MB/s,1590587032.6792924,1590587034.6037009,1.9244084358215332
116,False,"2,Intel(R) Xeon(R) Processor @ 2.50GHz",sandbox-9aace1,169.254.76.1,97870bcf-0b34-4d85-a9ac-2bc0eeefb0c8,5b0bcc8c-1daf-4cc7-a202-2a9e237d9e5b,"1400.73,2799.74",sandbox-root-nJQ9il,169.254.90.197,169.254.90.197,1590587394497.2983,1590587396329.829,1832.53076171875,1833.19,1900.0,54.0, 10.9 MB/s,1590587394.4300256,1590587396.3661582,1.9361326694488525
117,False,"2,Intel(R) Xeon(R) Processor @ 2.50GHz",sandbox-9aace1,169.254.76.1,d75734bf-b99f-462d-8f29-5b23c8648491,5b0bcc8c-1daf-4cc7-a202-2a9e237d9e5b,"1733.83,3465.36",sandbox-root-nJQ9il,169.254.90.197,169.254.90.197,1590587727605.2717,1590587729430.9158,1825.64404296875,1826.41,1900.0,54.0, 11.0 MB/s,1590587727.5247881,1590587729.4684076,1.9436194896697998
118,False,"2,Intel(R) Xeon(R) Processor @ 2.50GHz",sandbox-9aace1,169.254.76.1,24ba00b3-b155-43e3-9478-f963bf80b49b,5b0bcc8c-1daf-4cc7-a202-2a9e237d9e5b,"1827.07,3651.58",sandbox-root-nJQ9il,169.254.90.197,169.254.90.197,1590587820845.0479,1590587822691.303,1846.255126953125,1846.89,1900.0,54.0, 10.5 MB/s,1590587820.7837048,1590587822.7275715,1.9438667297363281
119,True,"2,Intel(R) Xeon(R) Processor @ 2.50GHz",sandbox-4f5b43,169.254.76.1,ff5cd9a0-8119-4dd1-ba40-3f4ecce5182c,ff5cd9a0-8119-4dd1-ba40-3f4ecce5182c,"1508.48,3015.79",sandbox-root-9RFFc8,169.254.184.245,169.254.184.245,1590590310847.4126,1590590312840.5522,1993.1396484375,1993.83,2000.0,53.0, 9.4 MB/s,1590590310.2387316,1590590312.8777375,2.6390058994293213
120,False,"2,Intel(R) Xeon(R) Processor @ 2.50GHz",sandbox-4f5b43,169.254.76.1,d297116c-8fb2-46a3-be82-b9101f6cf3f6,ff5cd9a0-8119-4dd1-ba40-3f4ecce5182c,"1533.32,3065.28",sandbox-root-9RFFc8,169.254.184.245,169.254.184.245,1590590335686.4143,1590590337541.0151,1854.600830078125,1855.28,1900.0,53.0, 10.7 MB/s,1590590335.6342704,1590590337.5769887,1.942718267440796
121,False,"2,Intel(R) Xeon(R) Processor @ 2.50GHz",sandbox-4f5b43,169.254.76.1,180bfbba-1a4c-4e98-b3f3-ad234ac0392b,ff5cd9a0-8119-4dd1-ba40-3f4ecce5182c,"2160.12,4317.67",sandbox-root-9RFFc8,169.254.184.245,169.254.184.245,1590590962487.2063,1590590964385.9663,1898.760009765625,1899.23,1900.0,54.0, 10.1 MB/s,1590590962.4105003,1590590964.4226754,2.0121750831604004
122,True,"2,Intel(R) Xeon(R) Processor @ 2.50GHz",sandbox-7e6eb3,169.254.76.1,102e08ba-4988-437e-92ee-5e0886705cd3,102e08ba-4988-437e-92ee-5e0886705cd3,"251.86,502.89",sandbox-root-hpZe4U,169.254.24.141,169.254.24.141,1590591680153.9688,1590591682113.2712,1959.302490234375,1960.06,2000.0,53.0, 9.7 MB/s,1590591679.8270946,1590591682.152482,2.325387477874756
123,True,"2,Intel(R) Xeon(R) Processor @ 2.50GHz",sandbox-cea5bd,169.254.76.1,a73832f2-86d3-427c-8478-40ef29e1cd6b,a73832f2-86d3-427c-8478-40ef29e1cd6b,"966.63,1932.25",sandbox-root-iQGdml,169.254.130.173,169.254.130.173,1590592732166.628,1590592734155.6638,1989.035888671875,1989.89,2000.0,53.0, 9.3 MB/s,1590592731.5080395,1590592734.192694,2.684654474258423
124,False,"2,Intel(R) Xeon(R) Processor @ 2.50GHz",sandbox-cea5bd,169.254.76.1,237b7760-fb03-4765-8948-102adc5c06e1,a73832f2-86d3-427c-8478-40ef29e1cd6b,"1325.03,2648.37",sandbox-root-iQGdml,169.254.130.173,169.254.130.173,1590593090574.6602,1590593092419.6382,1844.97802734375,1845.83,1900.0,54.0, 10.9 MB/s,1590593090.4989026,1590593092.4565892,1.9576866626739502
125,False,"2,Intel(R) Xeon(R) Processor @ 2.50GHz",sandbox-cea5bd,169.254.76.1,672e75b4-22fd-41d2-8fa7-f42c62a78b3b,a73832f2-86d3-427c-8478-40ef29e1cd6b,"1936.64,3870.39",sandbox-root-iQGdml,169.254.130.173,169.254.130.173,1590593702187.647,1590593704067.693,1880.046142578125,1880.92,1900.0,54.0, 10.5 MB/s,1590593702.0811133,1590593704.1039884,2.0228750705718994
126,True,"2,Intel(R) Xeon(R) Processor @ 2.50GHz",sandbox-5d2c7c,169.254.76.1,e99d869f-c2a5-4afe-a22b-5d39e114a1f9,e99d869f-c2a5-4afe-a22b-5d39e114a1f9,"1709.00,3416.94",sandbox-root-bZ2IXg,169.254.114.149,169.254.114.149,1590595122554.4111,1590595124530.0127,1975.6015625,1976.28,2000.0,53.0, 9.7 MB/s,1590595121.931099,1590595124.567661,2.6365621089935303
127,True,"2,Intel(R) Xeon(R) Processor @ 2.50GHz",sandbox-cad058,169.254.76.1,a167fb70-9c6e-4e25-bbb1-82c583839961,a167fb70-9c6e-4e25-bbb1-82c583839961,"1426.37,2851.57",sandbox-root-vJiavr,169.254.164.21,169.254.164.21,1590596004200.4492,1590596006184.5344,1984.085205078125,1984.9,2000.0,53.0, 9.3 MB/s,1590596003.864933,1590596006.222536,2.357603073120117
128,False,"2,Intel(R) Xeon(R) Processor @ 2.50GHz",sandbox-cad058,169.254.76.1,b9364078-2d92-405d-b9ae-370f50aa7717,a167fb70-9c6e-4e25-bbb1-82c583839961,"1792.77,3583.50",sandbox-root-vJiavr,169.254.164.21,169.254.164.21,1590596370602.4788,1590596372407.5662,1805.08740234375,1805.76,1900.0,54.0, 11.0 MB/s,1590596370.5246956,1590596372.445612,1.9209163188934326
129,False,"2,Intel(R) Xeon(R) Processor @ 2.50GHz",sandbox-cad058,169.254.76.1,822bd439-da79-4193-80fd-2b826e8f13df,a167fb70-9c6e-4e25-bbb1-82c583839961,"1821.71,3641.25",sandbox-root-vJiavr,169.254.164.21,169.254.164.21,1590596399541.5464,1590596401386.401,1844.8544921875,1845.66,1900.0,54.0, 10.5 MB/s,1590596399.3792663,1590596401.4231935,2.0439271926879883
130,False,"2,Intel(R) Xeon(R) Processor @ 2.50GHz",sandbox-cad058,169.254.76.1,455869a7-6aa4-452f-8f84-cf8b8a113773,a167fb70-9c6e-4e25-bbb1-82c583839961,"2078.35,4153.96",sandbox-root-vJiavr,169.254.164.21,169.254.164.21,1590596656184.9485,1590596658010.8723,1825.923828125,1826.62,1900.0,54.0, 10.5 MB/s,1590596656.1143029,1590596658.0548325,1.9405295848846436
131,True,"2,Intel(R) Xeon(R) Processor @ 2.50GHz",sandbox-71e7aa,169.254.76.1,3536d96a-10ac-470d-8d20-9164a0fa5b08,3536d96a-10ac-470d-8d20-9164a0fa5b08,"1758.33,3515.19",sandbox-root-I0qDtz,169.254.66.125,169.254.66.125,1590597933207.498,1590597935170.043,1962.544921875,1963.26,2000.0,53.0, 9.0 MB/s,1590597932.1656268,1590597935.206223,3.0405962467193604
132,False,"2,Intel(R) Xeon(R) Processor @ 2.50GHz",sandbox-71e7aa,169.254.76.1,ef620b14-089b-4c9f-ba72-39f3ffab992c,3536d96a-10ac-470d-8d20-9164a0fa5b08,"1806.89,3611.98",sandbox-root-I0qDtz,169.254.66.125,169.254.66.125,1590597981762.8699,1590597983609.4958,1846.6259765625,1847.28,1900.0,53.0, 11.0 MB/s,1590597981.7060823,1590597983.6454036,1.9393212795257568
133,False,"2,Intel(R) Xeon(R) Processor @ 2.50GHz",sandbox-71e7aa,169.254.76.1,0f5997db-25f9-4ce8-920b-65968c2dd3ef,3536d96a-10ac-470d-8d20-9164a0fa5b08,"1825.13,3648.27",sandbox-root-I0qDtz,169.254.66.125,169.254.66.125,1590598000004.67,1590598001849.8315,1845.16162109375,1845.86,1900.0,53.0, 10.9 MB/s,1590597999.9418447,1590598001.8864741,1.944629430770874
134,True,"2,Intel(R) Xeon(R) Processor @ 2.50GHz",sandbox-69cb4e,169.254.76.1,4606b887-6cdc-4755-9329-02c996da5b55,4606b887-6cdc-4755-9329-02c996da5b55,"512.60,1024.20",sandbox-root-tovTdx,169.254.34.29,169.254.34.29,1590599415437.6982,1590599417415.8477,1978.1494140625,1978.82,2000.0,53.0, 9.7 MB/s,1590599414.7248461,1590599417.4521406,2.727294445037842
135,False,"2,Intel(R) Xeon(R) Processor @ 2.50GHz",sandbox-69cb4e,169.254.76.1,01f98fbd-19ca-4c34-979a-8346ec19bd02,4606b887-6cdc-4755-9329-02c996da5b55,"1078.19,2154.39",sandbox-root-tovTdx,169.254.34.29,169.254.34.29,1590599981027.928,1590599982878.782,1850.85400390625,1851.6,1900.0,54.0, 11.0 MB/s,1590599980.952801,1590599982.914814,1.9620130062103271
136,False,"2,Intel(R) Xeon(R) Processor @ 2.50GHz",sandbox-69cb4e,169.254.76.1,32bbee1b-9995-4510-b630-2c46691f7fce,4606b887-6cdc-4755-9329-02c996da5b55,"1298.60,2594.71",sandbox-root-tovTdx,169.254.34.29,169.254.34.29,1590600201440.8157,1590600203280.1765,1839.36083984375,1840.08,1900.0,54.0, 10.9 MB/s,1590600201.3447492,1590600203.3257399,1.9809906482696533
137,True,"2,Intel(R) Xeon(R) Processor @ 2.50GHz",sandbox-729022,169.254.76.1,af948b76-a787-47ba-ac21-d13a72967cb5,af948b76-a787-47ba-ac21-d13a72967cb5,"1368.18,2735.06",sandbox-root-XAuNk8,169.254.0.97,169.254.0.97,1590601507515.473,1590601509493.97,1978.4970703125,1979.23,2000.0,53.0, 9.3 MB/s,1590601506.8952806,1590601509.531254,2.6359734535217285
138,False,"2,Intel(R) Xeon(R) Processor @ 2.50GHz",sandbox-729022,169.254.76.1,0701e189-4582-4ccf-9113-fefc0880faf4,af948b76-a787-47ba-ac21-d13a72967cb5,"1835.94,3669.71",sandbox-root-XAuNk8,169.254.0.97,169.254.0.97,1590601975278.8936,1590601977117.1558,1838.26220703125,1838.94,1900.0,53.0, 11.0 MB/s,1590601975.2048848,1590601977.1550589,1.95017409324646
139,True,"2,Intel(R) Xeon(R) Processor @ 2.50GHz",sandbox-0e51cd,169.254.76.1,5c41f38e-e3ff-4db3-a24d-bec806565589,5c41f38e-e3ff-4db3-a24d-bec806565589,"834.26,1667.51",sandbox-root-L2121J,169.254.129.157,169.254.129.157,1590602946316.4297,1590602948297.069,1980.639404296875,1981.4,2000.0,53.0, 9.3 MB/s,1590602945.9647489,1590602948.3344922,2.3697433471679688
140,True,"2,Intel(R) Xeon(R) Processor @ 2.50GHz",sandbox-26847b,169.254.76.1,d819b002-7c40-4ab0-9c82-d5bec2f3058d,d819b002-7c40-4ab0-9c82-d5bec2f3058d,"136.38,271.98",sandbox-root-fxuWWA,169.254.3.197,169.254.3.197,1590603940369.5527,1590603942260.1519,1890.59912109375,1891.24,1900.0,53.0, 10.1 MB/s,1590603939.7551165,1590603942.2981942,2.5430777072906494
141,False,"2,Intel(R) Xeon(R) Processor @ 2.50GHz",sandbox-26847b,169.254.76.1,271c9fce-4f0a-4b6d-9876-beac3fa0c700,d819b002-7c40-4ab0-9c82-d5bec2f3058d,"332.92,664.67",sandbox-root-fxuWWA,169.254.3.197,169.254.3.197,1590604136907.157,1590604138722.9155,1815.758544921875,1816.4,1900.0,54.0, 11.8 MB/s,1590604136.8442686,1590604138.7591712,1.914902687072754
142,True,"2,Intel(R) Xeon(R) Processor @ 2.50GHz",sandbox-dbdb66,169.254.76.1,d2d76cac-1b10-4e40-9c59-c7a910592a7b,d2d76cac-1b10-4e40-9c59-c7a910592a7b,"1144.49,2287.85",sandbox-root-ucSrNZ,169.254.15.53,169.254.15.53,1590605208797.214,1590605210765.0056,1967.79150390625,1968.49,2000.0,53.0, 9.7 MB/s,1590605208.1476612,1590605210.8014338,2.6537725925445557
143,False,"2,Intel(R) Xeon(R) Processor @ 2.50GHz",sandbox-dbdb66,169.254.76.1,80c7dd24-c193-46e4-a11f-592d14559ce2,d2d76cac-1b10-4e40-9c59-c7a910592a7b,"1289.27,2577.01",sandbox-root-ucSrNZ,169.254.15.53,169.254.15.53,1590605353576.172,1590605355405.55,1829.3779296875,1830.02,1900.0,54.0, 10.9 MB/s,1590605353.5171058,1590605355.441365,1.9242591857910156
144,True,"2,Intel(R) Xeon(R) Processor @ 2.50GHz",sandbox-00b371,169.254.76.1,af1c0ef6-3dcd-4010-802a-ec91deddb62a,af1c0ef6-3dcd-4010-802a-ec91deddb62a,"1513.57,3025.96",sandbox-root-9LkuB5,169.254.199.181,169.254.199.181,1590606391969.3064,1590606393952.3003,1982.993896484375,1983.96,2000.0,53.0, 9.4 MB/s,1590606391.2840495,1590606393.9891493,2.7050998210906982
145,False,"2,Intel(R) Xeon(R) Processor @ 2.50GHz",sandbox-00b371,169.254.76.1,63061dcc-2b2b-445f-813d-1b0aed747910,af1c0ef6-3dcd-4010-802a-ec91deddb62a,"1624.18,3246.76",sandbox-root-9LkuB5,169.254.199.181,169.254.199.181,1590606502573.7683,1590606504412.3577,1838.58935546875,1839.37,1900.0,53.0, 10.9 MB/s,1590606502.51309,1590606504.449945,1.9368550777435303
146,False,"2,Intel(R) Xeon(R) Processor @ 2.50GHz",sandbox-00b371,169.254.76.1,90a841ad-17be-444e-8e2d-53c87e9ecd86,af1c0ef6-3dcd-4010-802a-ec91deddb62a,"1742.78,3483.57",sandbox-root-9LkuB5,169.254.199.181,169.254.199.181,1590606621177.9612,1590606623113.1116,1935.150390625,1935.94,2000.0,54.0, 10.5 MB/s,1590606621.1028562,1590606623.150163,2.047306776046753
147,True,"2,Intel(R) Xeon(R) Processor @ 2.50GHz",sandbox-45ca4f,169.254.76.1,1d80de16-4e69-4ff7-ac5a-96243cbf38af,1d80de16-4e69-4ff7-ac5a-96243cbf38af,"988.67,1976.34",sandbox-root-vAjo1Q,169.254.229.13,169.254.229.13,1590607355830.649,1590607357815.702,1985.052978515625,1985.77,2000.0,53.0, 9.4 MB/s,1590607355.4992292,1590607357.8523335,2.35310435295105
148,True,"2,Intel(R) Xeon(R) Processor @ 2.50GHz",sandbox-d73dd7,169.254.76.1,2e1b2a4f-4425-4f28-8f9d-85b30363f565,2e1b2a4f-4425-4f28-8f9d-85b30363f565,"566.80,1132.65",sandbox-root-9uDm18,169.254.107.61,169.254.107.61,1590609835204.1282,1590609837199.7102,1995.58203125,1996.31,2000.0,53.0, 9.3 MB/s,1590609834.524719,1590609837.2362773,2.7115583419799805
149,False,"2,Intel(R) Xeon(R) Processor @ 2.50GHz",sandbox-d73dd7,169.254.76.1,3f9abeb4-6da4-4732-bdb5-ce99fa1339a4,2e1b2a4f-4425-4f28-8f9d-85b30363f565,"592.13,1183.09",sandbox-root-9uDm18,169.254.107.61,169.254.107.61,1590609860529.7705,1590609862340.0337,1810.26318359375,1810.9,1900.0,53.0, 11.0 MB/s,1590609860.4733143,1590609862.3760276,1.9027132987976074
150,False,"2,Intel(R) Xeon(R) Processor @ 2.50GHz",sandbox-d73dd7,169.254.76.1,23884243-cfc9-4ee2-9945-20ea038a7fab,2e1b2a4f-4425-4f28-8f9d-85b30363f565,"672.61,1343.85",sandbox-root-9uDm18,169.254.107.61,169.254.107.61,1590609941012.3164,1590609942821.4382,1809.121826171875,1809.75,1900.0,53.0, 11.0 MB/s,1590609940.9518726,1590609942.858264,1.9063913822174072
151,False,"2,Intel(R) Xeon(R) Processor @ 2.50GHz",sandbox-d73dd7,169.254.76.1,00ee383e-281d-4ecf-833b-1bbe8533dab9,2e1b2a4f-4425-4f28-8f9d-85b30363f565,"1235.10,2467.90",sandbox-root-9uDm18,169.254.107.61,169.254.107.61,1590610503505.1487,1590610505385.2834,1880.134765625,1880.92,1900.0,54.0, 10.5 MB/s,1590610503.4178247,1590610505.423536,2.005711317062378
152,False,"2,Intel(R) Xeon(R) Processor @ 2.50GHz",sandbox-d73dd7,169.254.76.1,2e76a7c2-b30f-4343-944d-37cb30b59a9e,2e1b2a4f-4425-4f28-8f9d-85b30363f565,"1712.31,3421.52",sandbox-root-9uDm18,169.254.107.61,169.254.107.61,1590610980720.3855,1590610982569.8518,1849.46630859375,1850.36,1900.0,54.0, 10.9 MB/s,1590610980.6469865,1590610982.6055887,1.9586021900177002
153,False,"2,Intel(R) Xeon(R) Processor @ 2.50GHz",sandbox-d73dd7,169.254.76.1,ce92146e-867c-4b56-93d6-3eba45116324,2e1b2a4f-4425-4f28-8f9d-85b30363f565,"1967.60,3931.58",sandbox-root-9uDm18,169.254.107.61,169.254.107.61,1590611236010.57,1590611237871.2954,1860.725341796875,1861.43,1900.0,54.0, 11.0 MB/s,1590611235.9257393,1590611237.9083636,1.9826242923736572
154,False,"2,Intel(R) Xeon(R) Processor @ 2.50GHz",sandbox-d73dd7,169.254.76.1,c632fdd2-f8d9-46e5-b9e1-d001af45a439,2e1b2a4f-4425-4f28-8f9d-85b30363f565,"2047.03,4090.19",sandbox-root-9uDm18,169.254.107.61,169.254.107.61,1590611315442.0203,1590611317292.9722,1850.951904296875,1851.61,1900.0,54.0, 10.5 MB/s,1590611315.378276,1590611317.3287606,1.9504845142364502
155,False,"2,Intel(R) Xeon(R) Processor @ 2.50GHz",sandbox-d73dd7,169.254.76.1,36b5619c-852f-498e-83da-f3e64560b0fc,2e1b2a4f-4425-4f28-8f9d-85b30363f565,"2448.09,4891.37",sandbox-root-9uDm18,169.254.107.61,169.254.107.61,1590611716508.9958,1590611718318.2573,1809.261474609375,1809.92,1900.0,54.0, 10.5 MB/s,1590611716.4394104,1590611718.3544374,1.9150269031524658
156,False,"2,Intel(R) Xeon(R) Processor @ 2.50GHz",sandbox-d73dd7,169.254.76.1,8f1d17ef-9aa7-4876-89b8-6697895e5c3b,2e1b2a4f-4425-4f28-8f9d-85b30363f565,"2548.07,5091.10",sandbox-root-9uDm18,169.254.107.61,169.254.107.61,1590611816487.5786,1590611818337.868,1850.289306640625,1850.97,1900.0,54.0, 11.0 MB/s,1590611816.4261074,1590611818.3732982,1.947190761566162
157,False,"2,Intel(R) Xeon(R) Processor @ 2.50GHz",sandbox-d73dd7,169.254.76.1,bd19f7f3-2056-45ea-8661-e2873dfd5a82,2e1b2a4f-4425-4f28-8f9d-85b30363f565,"2964.48,5923.09",sandbox-root-9uDm18,169.254.107.61,169.254.107.61,1590612232903.9207,1590612234760.8958,1856.97509765625,1857.75,1900.0,54.0, 10.5 MB/s,1590612232.807019,1590612234.799258,1.992238998413086
158,False,"2,Intel(R) Xeon(R) Processor @ 2.50GHz",sandbox-d73dd7,169.254.76.1,0d144dd5-7cfb-4243-8483-268af643e269,2e1b2a4f-4425-4f28-8f9d-85b30363f565,"3204.08,6401.83",sandbox-root-9uDm18,169.254.107.61,169.254.107.61,1590612472503.1467,1590612474343.169,1840.022216796875,1840.69,1900.0,54.0, 11.0 MB/s,1590612472.4396298,1590612474.3787255,1.9390957355499268
159,True,"2,Intel(R) Xeon(R) Processor @ 2.50GHz",sandbox-251e52,169.254.76.1,ea9f1858-fa81-487d-8c83-fe43781b0090,ea9f1858-fa81-487d-8c83-fe43781b0090,"1230.57,2459.92",sandbox-root-Z49VdF,169.254.140.61,169.254.140.61,1590613430561.6523,1590613432546.0154,1984.363037109375,1985.21,2000.0,53.0, 9.7 MB/s,1590613430.1783617,1590613432.5829089,2.4045472145080566
160,True,"2,Intel(R) Xeon(R) Processor @ 2.50GHz",sandbox-28514d,169.254.76.1,4af4911e-f1f8-4d0e-a726-3dbe5af84b7f,4af4911e-f1f8-4d0e-a726-3dbe5af84b7f,"1296.83,2592.67",sandbox-root-jaBLnh,169.254.196.45,169.254.196.45,1590614772397.2627,1590614774401.2861,2004.0234375,2004.63,2100.0,53.0, 9.3 MB/s,1590614771.7427874,1590614774.4379687,2.695181369781494
161,False,"2,Intel(R) Xeon(R) Processor @ 2.50GHz",sandbox-28514d,169.254.76.1,48db64e2-2ba8-4479-b486-6d0a65c12ebc,4af4911e-f1f8-4d0e-a726-3dbe5af84b7f,"1720.49,3439.17",sandbox-root-jaBLnh,169.254.196.45,169.254.196.45,1590615196061.6743,1590615197943.918,1882.24365234375,1882.88,1900.0,54.0, 10.6 MB/s,1590615195.9655476,1590615197.9796035,2.0140559673309326
162,False,"2,Intel(R) Xeon(R) Processor @ 2.50GHz",sandbox-28514d,169.254.76.1,07e180a9-14bb-4562-afb9-03200ef3233d,4af4911e-f1f8-4d0e-a726-3dbe5af84b7f,"1860.85,3719.59",sandbox-root-jaBLnh,169.254.196.45,169.254.196.45,1590615336413.8909,1590615338285.868,1871.97705078125,1872.17,1900.0,54.0, 10.5 MB/s,1590615336.3451095,1590615338.3217115,1.9766020774841309
163,True,"2,Intel(R) Xeon(R) Processor @ 2.50GHz",sandbox-a845e2,169.254.76.1,ae523bb7-76d3-49b1-b224-ee165c6c5c0b,ae523bb7-76d3-49b1-b224-ee165c6c5c0b,"937.95,1874.87",sandbox-root-E5P6rS,169.254.164.85,169.254.164.85,1590617213158.5046,1590617215124.8335,1966.328857421875,1966.97,2000.0,53.0, 9.7 MB/s,1590617212.5674646,1590617215.162746,2.5952813625335693
164,False,"2,Intel(R) Xeon(R) Processor @ 2.50GHz",sandbox-a845e2,169.254.76.1,a1cd6ecc-ec04-4a13-9720-b8e24236f5c6,ae523bb7-76d3-49b1-b224-ee165c6c5c0b,"1271.19,2540.74",sandbox-root-E5P6rS,169.254.164.85,169.254.164.85,1590617546404.213,1590617548230.72,1826.507080078125,1827.11,1900.0,54.0, 10.9 MB/s,1590617546.3161695,1590617548.268541,1.952371597290039
165,True,"2,Intel(R) Xeon(R) Processor @ 2.50GHz",sandbox-a713f2,169.254.76.1,7eb7f12f-e5f5-447d-867e-bde33c139bb1,7eb7f12f-e5f5-447d-867e-bde33c139bb1,"1152.91,2304.56",sandbox-root-tWSPdw,169.254.177.205,169.254.177.205,1590619475561.8447,1590619477567.0774,2005.232666015625,2005.89,2100.0,53.0, 9.3 MB/s,1590619474.8960586,1590619477.6037931,2.7077345848083496
166,False,"2,Intel(R) Xeon(R) Processor @ 2.50GHz",sandbox-a713f2,169.254.76.1,c618e01c-831b-4c2f-b9a1-38363169d014,7eb7f12f-e5f5-447d-867e-bde33c139bb1,"1701.75,3401.13",sandbox-root-tWSPdw,169.254.177.205,169.254.177.205,1590620024407.8193,1590620026235.6704,1827.85107421875,1828.77,1900.0,54.0, 11.0 MB/s,1590620024.3115141,1590620026.27266,1.9611458778381348
167,False,"2,Intel(R) Xeon(R) Processor @ 2.50GHz",sandbox-a713f2,169.254.76.1,5e3bb93b-c6ca-4ec7-bff1-f5812988acba,7eb7f12f-e5f5-447d-867e-bde33c139bb1,"2014.32,4025.70",sandbox-root-tWSPdw,169.254.177.205,169.254.177.205,1590620336986.9429,1590620338818.8845,1831.941650390625,1832.64,1900.0,54.0, 10.9 MB/s,1590620336.9139202,1590620338.8557606,1.941840410232544
168,True,"2,Intel(R) Xeon(R) Processor @ 2.50GHz",sandbox-f5644b,169.254.76.1,70e98d55-cdfa-43c5-a113-eb8ca8e279d7,70e98d55-cdfa-43c5-a113-eb8ca8e279d7,"1343.40,2685.44",sandbox-root-qTGHPK,169.254.47.69,169.254.47.69,1590621544436.093,1590621546471.0645,2034.971435546875,2035.7,2100.0,53.0, 9.0 MB/s,1590621543.7613623,1590621546.5074453,2.7460830211639404
169,False,"2,Intel(R) Xeon(R) Processor @ 2.50GHz",sandbox-f5644b,169.254.76.1,ed9ed807-7c42-4a3e-a5fd-ac7cdf2e3c06,70e98d55-cdfa-43c5-a113-eb8ca8e279d7,"1928.85,3855.15",sandbox-root-qTGHPK,169.254.47.69,169.254.47.69,1590622129891.6272,1590622131755.0747,1863.447509765625,1864.23,1900.0,53.0, 10.5 MB/s,1590622129.8199413,1590622131.7910044,1.9710631370544434
170,False,"2,Intel(R) Xeon(R) Processor @ 2.50GHz",sandbox-f5644b,169.254.76.1,17dbb1d9-4663-4e2d-b075-d7bee8eca042,70e98d55-cdfa-43c5-a113-eb8ca8e279d7,"2507.69,5011.66",sandbox-root-qTGHPK,169.254.47.69,169.254.47.69,1590622708727.6257,1590622710579.1326,1851.5068359375,1852.27,1900.0,53.0, 10.8 MB/s,1590622708.6582475,1590622710.615311,1.9570634365081787
171,True,"2,Intel(R) Xeon(R) Processor @ 2.50GHz",sandbox-1016bd,169.254.76.1,839ff182-738b-4e9e-ace4-776244d78961,839ff182-738b-4e9e-ace4-776244d78961,"1699.18,3397.23",sandbox-root-UAltSs,169.254.151.21,169.254.151.21,1590623574020.3123,1590623576017.57,1997.2578125,1997.91,2000.0,53.0, 9.3 MB/s,1590623573.6907127,1590623576.053755,2.3630423545837402
172,False,"2,Intel(R) Xeon(R) Processor @ 2.50GHz",sandbox-1016bd,169.254.76.1,e837d22a-c42f-412b-a236-351412b4e98b,839ff182-738b-4e9e-ace4-776244d78961,"1937.96,3874.26",sandbox-root-UAltSs,169.254.151.21,169.254.151.21,1590623812803.7483,1590623814678.9663,1875.218017578125,1875.85,1900.0,54.0, 11.0 MB/s,1590623812.739169,1590623814.7143,1.9751310348510742
173,False,"2,Intel(R) Xeon(R) Processor @ 2.50GHz",sandbox-1016bd,169.254.76.1,070448ff-21e3-4242-8731-f52fff975cf2,839ff182-738b-4e9e-ace4-776244d78961,"2069.52,4136.99",sandbox-root-UAltSs,169.254.151.21,169.254.151.21,1590623944366.5608,1590623946199.8777,1833.31689453125,1833.92,1900.0,54.0, 10.5 MB/s,1590623944.2836359,1590623946.3182542,2.034618377685547
174,True,"2,Intel(R) Xeon(R) Processor @ 2.50GHz",sandbox-94d649,169.254.76.1,7845c261-8d00-4d43-a3ce-2c5a4fab128c,7845c261-8d00-4d43-a3ce-2c5a4fab128c,"1098.22,2195.32",sandbox-root-JRT1wm,169.254.48.229,169.254.48.229,1590624947773.6094,1590624949795.082,2021.47265625,2022.25,2100.0,53.0, 9.0 MB/s,1590624947.1724653,1590624949.8317115,2.6592462062835693
175,False,"2,Intel(R) Xeon(R) Processor @ 2.50GHz",sandbox-94d649,169.254.76.1,4269d5f1-c84e-4634-b27b-bb73221f7281,7845c261-8d00-4d43-a3ce-2c5a4fab128c,"1257.80,2514.11",sandbox-root-JRT1wm,169.254.48.229,169.254.48.229,1590625107364.246,1590625109197.083,1832.8369140625,1833.65,1900.0,53.0, 10.9 MB/s,1590625107.289581,1590625109.2348912,1.945310115814209
176,True,"2,Intel(R) Xeon(R) Processor @ 2.50GHz",sandbox-7bc3f3,169.254.76.1,0539ed26-c32d-4c0a-8dc4-ac1c3fd84253,0539ed26-c32d-4c0a-8dc4-ac1c3fd84253,"1628.25,3255.29",sandbox-root-YDWqJR,169.254.194.245,169.254.194.245,1590625956417.5264,1590625958423.415,2005.888671875,2006.64,2100.0,53.0, 9.1 MB/s,1590625956.0888534,1590625958.4605343,2.371680974960327
177,True,"2,Intel(R) Xeon(R) Processor @ 2.50GHz",sandbox-98895b,169.254.76.1,7879d877-41cf-402e-bf47-490095c0e4f3,7879d877-41cf-402e-bf47-490095c0e4f3,"240.11,479.43",sandbox-root-aHcHKl,169.254.3.197,169.254.3.197,1590627240833.169,1590627242741.5718,1908.40283203125,1909.12,2000.0,53.0, 9.4 MB/s,1590627240.1849103,1590627242.7787483,2.5938379764556885
178,False,"2,Intel(R) Xeon(R) Processor @ 2.50GHz",sandbox-98895b,169.254.76.1,0670ba46-8619-4d79-aaf1-1e02262aa336,7879d877-41cf-402e-bf47-490095c0e4f3,"274.96,548.94",sandbox-root-aHcHKl,169.254.3.197,169.254.3.197,1590627275686.3884,1590627277462.2214,1775.8330078125,1776.52,1800.0,53.0, 11.0 MB/s,1590627275.6149964,1590627277.4986649,1.8836684226989746
179,False,"2,Intel(R) Xeon(R) Processor @ 2.50GHz",sandbox-98895b,169.254.76.1,98317629-8ff3-40ad-95c3-964fdeeca0bc,7879d877-41cf-402e-bf47-490095c0e4f3,"330.00,658.84",sandbox-root-aHcHKl,169.254.3.197,169.254.3.197,1590627330720.753,1590627332521.2554,1800.50244140625,1801.11,1900.0,53.0, 11.4 MB/s,1590627330.6603248,1590627332.5577118,1.8973870277404785
180,False,"2,Intel(R) Xeon(R) Processor @ 2.50GHz",sandbox-98895b,169.254.76.1,d4703cf2-e9d9-4cd5-bcb3-2ac550614bdc,7879d877-41cf-402e-bf47-490095c0e4f3,"449.25,897.10",sandbox-root-aHcHKl,169.254.3.197,169.254.3.197,1590627449976.5608,1590627451780.905,1804.34423828125,1804.99,1900.0,54.0, 10.9 MB/s,1590627449.909966,1590627451.821371,1.911405086517334
181,True,"2,Intel(R) Xeon(R) Processor @ 2.50GHz",sandbox-8f8786,169.254.76.1,226b9ace-81fe-474d-873c-037c8f68d1af,226b9ace-81fe-474d-873c-037c8f68d1af,"316.09,631.22",sandbox-root-CyuX7p,169.254.32.21,169.254.32.21,1590628799758.2751,1590628801747.4456,1989.17041015625,1989.88,2000.0,53.0, 9.3 MB/s,1590628799.0827737,1590628801.7853317,2.7025580406188965
182,False,"2,Intel(R) Xeon(R) Processor @ 2.50GHz",sandbox-8f8786,169.254.76.1,3aab2034-408d-4520-9b4c-8aa841799fa2,226b9ace-81fe-474d-873c-037c8f68d1af,"368.21,735.25",sandbox-root-CyuX7p,169.254.32.21,169.254.32.21,1590628851877.94,1590628853707.6362,1829.6962890625,1830.38,1900.0,53.0, 10.8 MB/s,1590628851.8222854,1590628853.7445624,1.9222769737243652
183,False,"2,Intel(R) Xeon(R) Processor @ 2.50GHz",sandbox-8f8786,169.254.76.1,a002c034-df18-41a7-891e-dc9f28e1f525,226b9ace-81fe-474d-873c-037c8f68d1af,"488.46,975.46",sandbox-root-CyuX7p,169.254.32.21,169.254.32.21,1590628972128.6108,1590628973970.3516,1841.74072265625,1842.43,1900.0,54.0, 10.9 MB/s,1590628972.0633416,1590628974.0079305,1.9445888996124268
184,False,"2,Intel(R) Xeon(R) Processor @ 2.50GHz",sandbox-8f8786,169.254.76.1,5e922e1b-137c-4d01-9951-17fb07c66487,226b9ace-81fe-474d-873c-037c8f68d1af,"984.71,1966.97",sandbox-root-CyuX7p,169.254.32.21,169.254.32.21,1590629468387.3638,1590629470314.501,1927.13720703125,1927.84,2000.0,54.0, 10.9 MB/s,1590629468.3154304,1590629470.3522332,2.0368027687072754
185,False,"2,Intel(R) Xeon(R) Processor @ 2.50GHz",sandbox-8f8786,169.254.76.1,59c8dace-ae04-44c0-bc8a-c1144a2508f3,226b9ace-81fe-474d-873c-037c8f68d1af,"1387.53,2771.87",sandbox-root-CyuX7p,169.254.32.21,169.254.32.21,1590629871213.3936,1590629873058.8074,1845.413818359375,1846.07,1900.0,54.0, 10.5 MB/s,1590629871.1442266,1590629873.0965035,1.9522769451141357
